{
    "metrics": [
        {
            "step": 0,
            "accuracy": 0.65,
            "log_loss": 0.7347284022044628,
            "f1_score": 0.72
        },
        {
            "step": 1,
            "accuracy": 0.675,
            "log_loss": 0.6773289830326599,
            "f1_score": 0.7111111111111111
        },
        {
            "step": 2,
            "accuracy": 0.6,
            "log_loss": 0.7541913263672129,
            "f1_score": 0.6363636363636364
        }
    ]
}